<?xml version="1.0" encoding="UTF-8"?>
<project version="4">
  <component name="ProjectCodeStyleSettingsManager">
    <option name="PER_PROJECT_SETTINGS">
      <value>
        <option name="USE_SAME_INDENTS" value="true" />
        <option name="IGNORE_SAME_INDENTS_FOR_LANGUAGES" value="true" />
        <option name="OTHER_INDENT_OPTIONS">
          <value>
            <option name="INDENT_SIZE" value="4" />
            <option name="CONTINUATION_INDENT_SIZE" value="8" />
            <option name="TAB_SIZE" value="4" />
            <option name="USE_TAB_CHARACTER" value="true" />
            <option name="SMART_TABS" value="false" />
            <option name="LABEL_INDENT_SIZE" value="0" />
            <option name="LABEL_INDENT_ABSOLUTE" value="false" />
            <option name="USE_RELATIVE_INDENTS" value="false" />
          </value>
        </option>
        <option name="GENERATE_FINAL_LOCALS" value="true" />
        <option name="CLASS_COUNT_TO_USE_IMPORT_ON_DEMAND" value="99999" />
        <option name="NAMES_COUNT_TO_USE_IMPORT_ON_DEMAND" value="9999" />
        <option name="PACKAGES_TO_USE_IMPORT_ON_DEMAND">
          <value>
            <package name="java.awt" withSubpackages="false" static="false" />
            <package name="org.junit.Assert" withSubpackages="true" static="true" />
            <package name="javax.swing" withSubpackages="false" static="false" />
          </value>
        </option>
        <option name="RIGHT_MARGIN" value="130" />
        <option name="ALIGN_MULTILINE_PARAMETERS" value="false" />
        <option name="PREFER_PARAMETERS_WRAP" value="true" />
        <option name="THROWS_LIST_WRAP" value="1" />
        <option name="THROWS_KEYWORD_WRAP" value="1" />
        <option name="METHOD_CALL_CHAIN_WRAP" value="1" />
        <option name="BINARY_OPERATION_WRAP" value="1" />
        <option name="BINARY_OPERATION_SIGN_ON_NEXT_LINE" value="true" />
        <option name="TERNARY_OPERATION_WRAP" value="1" />
        <option name="TERNARY_OPERATION_SIGNS_ON_NEXT_LINE" value="true" />
        <option name="VARIABLE_ANNOTATION_WRAP" value="2" />
        <option name="ENUM_CONSTANTS_WRAP" value="2" />
        <XML>
          <option name="XML_LEGACY_SETTINGS_IMPORTED" value="true" />
        </XML>
        <ADDITIONAL_INDENT_OPTIONS fileType="rb">
          <option name="INDENT_SIZE" value="2" />
          <option name="CONTINUATION_INDENT_SIZE" value="4" />
          <option name="TAB_SIZE" value="2" />
          <option name="USE_RELATIVE_INDENTS" value="true" />
        </ADDITIONAL_INDENT_OPTIONS>
        <codeStyleSettings language="CFML">
          <option name="ALIGN_MULTILINE_PARAMETERS" value="false" />
          <option name="BINARY_OPERATION_WRAP" value="1" />
          <option name="BINARY_OPERATION_SIGN_ON_NEXT_LINE" value="true" />
          <option name="TERNARY_OPERATION_WRAP" value="1" />
          <option name="TERNARY_OPERATION_SIGNS_ON_NEXT_LINE" value="true" />
          <option name="PARENT_SETTINGS_INSTALLED" value="true" />
        </codeStyleSettings>
        <codeStyleSettings language="CSS">
          <indentOptions>
            <option name="USE_TAB_CHARACTER" value="true" />
          </indentOptions>
        </codeStyleSettings>
        <codeStyleSettings language="CoffeeScript">
          <indentOptions>
            <option name="INDENT_SIZE" value="4" />
            <option name="CONTINUATION_INDENT_SIZE" value="8" />
            <option name="TAB_SIZE" value="4" />
            <option name="USE_TAB_CHARACTER" value="true" />
          </indentOptions>
        </codeStyleSettings>
        <codeStyleSettings language="ECMA Script Level 4">
          <option name="ALIGN_MULTILINE_PARAMETERS" value="false" />
          <option name="BINARY_OPERATION_WRAP" value="1" />
          <option name="BINARY_OPERATION_SIGN_ON_NEXT_LINE" value="true" />
          <option name="TERNARY_OPERATION_WRAP" value="1" />
          <option name="TERNARY_OPERATION_SIGNS_ON_NEXT_LINE" value="true" />
          <option name="PARENT_SETTINGS_INSTALLED" value="true" />
          <indentOptions>
            <option name="USE_TAB_CHARACTER" value="true" />
          </indentOptions>
        </codeStyleSettings>
        <codeStyleSettings language="GSP">
          <indentOptions>
            <option name="USE_TAB_CHARACTER" value="true" />
          </indentOptions>
        </codeStyleSettings>
        <codeStyleSettings language="Gherkin">
          <indentOptions>
            <option name="INDENT_SIZE" value="4" />
            <option name="USE_TAB_CHARACTER" value="true" />
          </indentOptions>
        </codeStyleSettings>
        <codeStyleSettings language="Groovy">
          <option name="ALIGN_MULTILINE_PARAMETERS" value="false" />
          <option name="PREFER_PARAMETERS_WRAP" value="true" />
          <option name="THROWS_LIST_WRAP" value="1" />
          <option name="THROWS_KEYWORD_WRAP" value="1" />
          <option name="METHOD_CALL_CHAIN_WRAP" value="1" />
          <option name="BINARY_OPERATION_WRAP" value="1" />
          <option name="TERNARY_OPERATION_WRAP" value="1" />
          <option name="VARIABLE_ANNOTATION_WRAP" value="2" />
          <option name="PARENT_SETTINGS_INSTALLED" value="true" />
          <indentOptions>
            <option name="USE_TAB_CHARACTER" value="true" />
          </indentOptions>
        </codeStyleSettings>
        <codeStyleSettings language="JAVA">
          <option name="ALIGN_MULTILINE_PARAMETERS" value="false" />
          <option name="PREFER_PARAMETERS_WRAP" value="true" />
          <option name="THROWS_LIST_WRAP" value="1" />
          <option name="THROWS_KEYWORD_WRAP" value="1" />
          <option name="METHOD_CALL_CHAIN_WRAP" value="1" />
          <option name="BINARY_OPERATION_WRAP" value="1" />
          <option name="BINARY_OPERATION_SIGN_ON_NEXT_LINE" value="true" />
          <option name="TERNARY_OPERATION_WRAP" value="1" />
          <option name="TERNARY_OPERATION_SIGNS_ON_NEXT_LINE" value="true" />
          <option name="VARIABLE_ANNOTATION_WRAP" value="2" />
          <option name="PARENT_SETTINGS_INSTALLED" value="true" />
          <indentOptions>
            <option name="USE_TAB_CHARACTER" value="true" />
          </indentOptions>
        </codeStyleSettings>
        <codeStyleSettings language="JSP">
          <indentOptions>
            <option name="USE_TAB_CHARACTER" value="true" />
          </indentOptions>
        </codeStyleSettings>
        <codeStyleSettings language="JavaScript">
          <option name="ALIGN_MULTILINE_PARAMETERS" value="false" />
          <option name="BINARY_OPERATION_WRAP" value="1" />
          <option name="BINARY_OPERATION_SIGN_ON_NEXT_LINE" value="true" />
          <option name="TERNARY_OPERATION_WRAP" value="1" />
          <option name="TERNARY_OPERATION_SIGNS_ON_NEXT_LINE" value="true" />
          <option name="PARENT_SETTINGS_INSTALLED" value="true" />
          <indentOptions>
            <option name="CONTINUATION_INDENT_SIZE" value="8" />
            <option name="USE_TAB_CHARACTER" value="true" />
          </indentOptions>
        </codeStyleSettings>
        <codeStyleSettings language="PHP">
          <option name="ALIGN_MULTILINE_PARAMETERS" value="false" />
          <option name="METHOD_CALL_CHAIN_WRAP" value="1" />
          <option name="BINARY_OPERATION_WRAP" value="1" />
          <option name="BINARY_OPERATION_SIGN_ON_NEXT_LINE" value="true" />
          <option name="TERNARY_OPERATION_WRAP" value="1" />
          <option name="TERNARY_OPERATION_SIGNS_ON_NEXT_LINE" value="true" />
          <option name="PARENT_SETTINGS_INSTALLED" value="true" />
        </codeStyleSettings>
        <codeStyleSettings language="Python">
          <option name="ALIGN_MULTILINE_PARAMETERS" value="false" />
          <option name="PARENT_SETTINGS_INSTALLED" value="true" />
          <indentOptions>
            <option name="USE_TAB_CHARACTER" value="true" />
          </indentOptions>
        </codeStyleSettings>
        <codeStyleSettings language="SASS">
          <indentOptions>
            <option name="INDENT_SIZE" value="4" />
            <option name="USE_TAB_CHARACTER" value="true" />
          </indentOptions>
        </codeStyleSettings>
        <codeStyleSettings language="SCSS">
          <indentOptions>
            <option name="INDENT_SIZE" value="4" />
            <option name="USE_TAB_CHARACTER" value="true" />
          </indentOptions>
        </codeStyleSettings>
        <codeStyleSettings language="SQL">
          <indentOptions>
            <option name="INDENT_SIZE" value="4" />
            <option name="USE_TAB_CHARACTER" value="true" />
          </indentOptions>
        </codeStyleSettings>
        <codeStyleSettings language="Scala">
          <option name="ALIGN_MULTILINE_PARAMETERS" value="false" />
          <option name="PREFER_PARAMETERS_WRAP" value="true" />
          <option name="METHOD_CALL_CHAIN_WRAP" value="1" />
          <option name="BINARY_OPERATION_WRAP" value="1" />
          <option name="VARIABLE_ANNOTATION_WRAP" value="2" />
          <option name="PARENT_SETTINGS_INSTALLED" value="true" />
          <indentOptions>
            <option name="INDENT_SIZE" value="4" />
            <option name="CONTINUATION_INDENT_SIZE" value="8" />
            <option name="TAB_SIZE" value="4" />
            <option name="USE_TAB_CHARACTER" value="true" />
          </indentOptions>
        </codeStyleSettings>
        <codeStyleSettings language="TypeScript">
          <option name="ALIGN_MULTILINE_PARAMETERS" value="false" />
          <option name="BINARY_OPERATION_WRAP" value="1" />
          <option name="BINARY_OPERATION_SIGN_ON_NEXT_LINE" value="true" />
          <option name="TERNARY_OPERATION_WRAP" value="1" />
          <option name="TERNARY_OPERATION_SIGNS_ON_NEXT_LINE" value="true" />
          <option name="PARENT_SETTINGS_INSTALLED" value="true" />
        </codeStyleSettings>
        <codeStyleSettings language="XML">
          <indentOptions>
            <option name="USE_TAB_CHARACTER" value="true" />
          </indentOptions>
        </codeStyleSettings>
        <codeStyleSettings language="yaml">
          <indentOptions>
            <option name="INDENT_SIZE" value="4" />
            <option name="USE_TAB_CHARACTER" value="true" />
          </indentOptions>
        </codeStyleSettings>
      </value>
    </option>
    <option name="USE_PER_PROJECT_SETTINGS" value="true" />
  </component>
</project>

